city,weekofyear,ndvi_ne,ndvi_nw,ndvi_se,ndvi_sw,precipitation_amt_mm,reanalysis_air_temp_k,reanalysis_dew_point_temp_k,reanalysis_min_air_temp_k,reanalysis_precip_amt_kg_per_m2,reanalysis_relative_humidity_percent,reanalysis_tdtr_k,station_avg_temp_c,station_diur_temp_rng_c,station_max_temp_c,station_min_temp_c,station_precip_mm,total_cases
sj,18,-0.0189,-0.0189,0.1027286,0.0912,78.6,298.492857143,294.527142857,296.4,25.37,78.7814285714,3.12857142857,26.5285714286,7.05714285714,33.3,21.7,75.2,12.160951711788769
sj,19,-0.018,-0.0124,0.08204286,0.07231429,12.56,298.475714286,294.395714286,296.7,21.83,78.23,2.57142857143,26.0714285714,5.55714285714,30,22.2,34.3,6.5193615788080415
sj,20,-0.0015,-0.0124,0.1510833,0.09152857,3.66,299.455714286,295.308571429,296.4,4.12,78.27,4.42857142857,27.9285714286,7.78571428571,32.8,22.8,3,12.092527328661468
sj,21,-0.0015,-0.01986667,0.1243286,0.1256857,0,299.69,294.402857143,296.9,2.2,73.0157142857,4.34285714286,28.0571428571,6.27142857143,33.3,24.4,0.3,7.617168446032743
sj,22,0.0568,0.03983333,0.06226667,0.07591429,0.76,299.78,294.76,297.3,4.36,74.0842857143,3.54285714286,27.6142857143,7.08571428571,33.3,23.3,84.1,11.916415142214202
sj,23,-0.044,-0.03046667,0.132,0.08352857,71.17,299.768571429,295.314285714,297.6,22.55,76.5571428571,2.85714285714,28,5.17142857143,32.8,25,27.7,13.333106960711659
sj,24,-0.0443,-0.024925,0.1322714,0.1591571,48.99,300.062857143,295.65,297.5,13.1,76.8442857143,3.15714285714,27.4,6.04285714286,31.1,23.3,91.7,11.332618905208752
sj,25,-0.0443,0.08215,0.1443714,0.1167286,30.81,300.484285714,295.997142857,297.5,7.2,76.87,3.9,28.7571428571,6.98571428571,34.4,24.4,0.3,17.50273773140467
sj,26,0.0108,0.0499,0.1005714,0.1173286,8.02,300.601428571,296.268571429,298.5,17.1,77.3957142857,2.78571428571,28.6571428571,6.24285714286,32.8,23.9,28.7,14.490111858577082
sj,27,0.07266667,0.10666,0.1554286,0.1649,17.52,300.497142857,296.411428571,298.7,11.9,78.5342857143,2.22857142857,28.4571428571,4.62857142857,31.1,25,2.9,15.126063119481575
sj,28,-0.04645,0.006825,0.2602857,0.2147286,16.37,300.214285714,295.824285714,299,19.86,77.0214285714,2.02857142857,27.7142857143,5.91428571429,31.1,23.9,22.1,12.89748995391173
sj,29,-0.04645,0.006825,0.1958429,0.1761571,4.34,300.448571429,296.177142857,298.7,5.49,77.6157142857,2.61428571429,28.7857142857,5.01428571429,31.7,26.1,0,19.401102516395895
sj,30,0.2083,0.4295,0.2776833,0.24565,3.39,300.598571429,296.512857143,298.9,13.62,78.56,2.58571428571,28.6857142857,6.31428571429,32.8,24.4,7.1,25.467767138865188
sj,31,2e-4,0.0039,0.1090667,0.08648333,13.73,300.73,296.202857143,299.2,8.7,76.5214285714,2.8,28.9857142857,6.17142857143,32.8,25,5.1,22.734114510644616
sj,32,0.1122,0.0322,0.1941857,0.2057714,50.94,300.741428571,297.047142857,299.1,43.5,80.3714285714,2.42857142857,28.3571428571,5.85714285714,32.2,23.9,37.6,27.043351785673266
sj,33,0.1122,0.0322,0.0589,0.06564286,4.28,301.15,296.912857143,299,7.82,77.9685714286,2.74285714286,29.2142857143,6.34285714286,33.9,25,1.8,23.375639293419162
sj,34,0.28915,0.2410333,0.2406,0.2085571,31.97,300.735714286,296.828571429,298.6,65.9,79.5471428571,2.54285714286,28.9714285714,5.32857142857,32.2,24.4,54.9,21.54492759420744
sj,35,0.1132,0.2410333,0.2260833,0.1982429,19.67,301.022857143,297.218571429,298.9,31.6,79.8642857143,2.7,28.8571428571,5.47142857143,32.2,24.4,16.2,28.343379118753347
sj,36,0.1132,0.0173,0.1904167,0.1199833,60.56,301.225714286,297.4,298.9,50,80.0242857143,3.37142857143,29.3571428571,6.41428571429,35,25,6.9,32.908509534791726
sj,37,0.3619,0.649,0.1464,0.1313857,126.68,300.804285714,297.275714286,298.8,58.4,81.3242857143,2.98571428571,28.3857142857,6.42857142857,34.4,23.3,45.1,31.799842133380707
sj,38,0.091375,0.16405,0.2516667,0.19645,48.44,300.757142857,297.081428571,298.9,28.1,80.4485714286,3.11428571429,28.2285714286,6.27142857143,32.8,24.4,20.4,33.964183470407185
sj,39,0.0795,0.103675,0.2826857,0.2613,153.79,300.378571429,296.535714286,298.1,136.91,79.8614285714,2.81428571429,27.4,5.85714285714,32.2,22.8,146.3,30.018846582945226
sj,40,-0.13735,0.13095,0.2718857,0.2700286,54.96,300.564285714,296.882857143,297.4,37.5,80.42,3.05714285714,28.3571428571,7.05714285714,34.4,22.2,37.1,25.45591512841771
sj,41,0.1306,0.0897,0.1860857,0.1964429,6.16,300.715714286,296.164285714,298.7,21.1,76.3614285714,2.91428571429,28.1714285714,5.94285714286,31.7,24.4,8.5,31.87080279373283
sj,42,0.1834,0.11755,0.1524571,0.1425,60.42,300.234285714,296.2,298,40.4,78.6585714286,3.12857142857,27.2142857143,6.2,32.8,22.8,73,35.90992264404439
sj,43,0.03325,0.07486667,0.3363143,0.2526571,91.7,299.734285714,295.888571429,297.8,22.7,79.4928571429,2.52857142857,27.0142857143,5.32857142857,31.7,23.3,16.5,38.15718197199217
sj,44,0.0834,0.0757,0.07362857,0.1237286,0,300.352857143,295.407142857,298.4,9.9,74.5057142857,2.57142857143,27.6428571429,5.74285714286,31.1,23.9,6.4,40.719455693770044
sj,45,-0.0944,-0.00495,0.1438,0.1303143,12.23,300.077142857,296.432857143,298.2,58.03,80.6185714286,2.6,27.6142857143,5.75714285714,31.1,24.4,36.6,29.761463711210254
sj,46,0.1011,0.074,0.2376,0.1755286,12.64,300.137142857,295.854285714,297.9,19.6,77.6342857143,3.3,27.3857142857,5.92857142857,30.6,23.9,6.4,31.076050483192404
sj,47,0.1011,0.044,0.2210429,0.1835286,22.49,299.712857143,295.664285714,298,49.42,78.64,2.51428571429,26.8142857143,5.71428571429,30.6,23.3,56.9,29.687971020678827
sj,48,0.03925,0.0731,0.1884,0.2118714,9.3,299.355714286,294.764285714,297.8,31.83,75.9971428571,2.14285714286,26.4857142857,5.45714285714,30,22.8,32.8,32.15241376911662
sj,49,-0.0874,0.1729,0.1455833,0.1098333,3.64,298.582857143,292.44,296.7,0.72,68.9442857143,2.57142857143,25.2285714286,6.48571428571,28.9,21.7,4.1,23.642515026706857
sj,50,0.0362,0.06956667,0.2926429,0.2735,0,298.552857143,293.29,296.7,9.52,72.79,1.91428571429,25.5571428571,5.65714285714,28.9,22.2,11.2,36.44705729947397
sj,51,0.0306,0.0238,0.2890286,0.2582286,7.75,298.575714286,294.054285714,297.2,25.75,76.2185714286,2.08571428571,26.2714285714,6.11428571429,30.6,21.7,37.9,19.31446239487902
sj,52,-0.00395,-0.0159,0.1993143,0.16795,0,297.788571429,292.737142857,294.9,17.5,73.7785714286,2.6,25.0714285714,6.02857142857,28.9,20.6,11.7,20.469514534048255
sj,1,0.5004,0.161425,0.1607857,0.18865,0,297.788571429,292.737142857,294.9,17.5,73.7785714286,2.6,25.0714285714,6.02857142857,28.9,20.6,11.7,21.251888168670988
sj,2,-0.0814,0.0081,0.35324,0.2524,0,297.751428571,292.747142857,294.3,3.45,73.9542857143,2.87142857143,25.0714285714,6.2,28.9,20.6,3.6,15.48987431752034
sj,3,0.0764,0.0102,0.1719333,0.1197714,0,298.291428571,294.052857143,297.2,6.5,77.5228571429,1.98571428571,25.9285714286,6.02857142857,29.4,22.2,8.5,26.99035100326475
sj,4,0.03183333,0.01133333,0.1108286,0.1701429,9.09,297.921428571,294.185714286,296.4,29.9,80.02,2.5,25.9,6.11428571429,31.1,21.7,18.6,25.869789458326466
sj,5,0.0626,-0.00625,0.2114667,0.1452333,0,298.042857143,294.595714286,296.6,21.1,81.3328571429,2.28571428571,26.1857142857,6.51428571429,31.1,21.7,22.6,23.01983374394147
sj,6,0.0162,6.25e-4,0.1229,0.1317,0,297.89,293.738571429,295.6,12,77.83,2.78571428571,25.5714285714,5.78571428571,30,21.7,11.7,17.157742658264674
sj,7,0.0558,0.07665,0.2572,0.2180143,0,297.542857143,293.19,295.7,32.43,76.9514285714,2.32857142857,25.3571428571,6.4,30.6,21.7,62.8,14.071628390731187
sj,8,0.0374,0.07305,0.1799714,0.1514429,11.01,297.355714286,292.295714286,295.9,31.2,73.5842857143,2.35714285714,25.0285714286,5.71428571429,30,21.7,14.6,19.269518175133804
sj,9,0.4708,0.2018,0.3043,0.2088167,5.82,297.605714286,292.488571429,295,5,73.2571428571,2.35714285714,25.2,6.25714285714,30,20.6,5.8,16.956404699835616
sj,10,0.0714,-0.05,0.2076714,0.1410571,63.28,297.9,293.015714286,296.3,4.08,74.3057142857,2.7,25.7285714286,6.88571428571,30,21.7,1,12.131565689384718
sj,11,0.0714,-0.0287,0.07662857,0.08174286,31.47,296.804285714,292.012857143,295.2,33.5,74.9171428571,1.8,25.5,4.84285714286,31.1,21.7,21.6,11.335092270046777
sj,12,0.0025,0.00592,0.2417714,0.1799143,0,296.651428571,291.351428571,295.2,10.06,72.2585714286,2.18571428571,25,5.37142857143,28.3,21.1,25.5,7.069175367536893
sj,13,-0.1295667,-0.06473333,0.1990714,0.1755429,9.09,297.07,292.311428571,295.1,24.84,74.93,3.65714285714,25.2714285714,6.88571428571,30,21.1,21.9,5.441532061566814
sj,14,0.1003,0.1035,0.1227,0.1065143,3.79,296.692857143,291.425714286,294.1,9.4,72.4642857143,2.41428571429,25.0571428571,5.54285714286,28.9,21.1,3.8,8.437399948225954
sj,15,-0.04683333,0.03844,0.1654429,0.1341857,0,297.508571429,292.701428571,296,3.74,74.7285714286,2.91428571429,25.7285714286,6.41428571429,30,21.7,13,9.145233601767545
sj,16,-0.04683333,-0.0276,0.1130286,0.1084429,0,298.248571429,293.241428571,296.1,0.5,73.9214285714,3.28571428571,26.5714285714,7,30.6,22.8,0.9,10.491699940017712
sj,17,-0.0266,0.0271,0.1302286,0.1296143,14.71,298.532857143,293.582857143,296.1,4.5,74.1928571429,3.2,26.8,7.54285714286,32.8,22.2,35,10.964812917645252
sj,18,0.0558,0.0407,0.1873143,0.1395286,18.69,298.602857143,294.055714286,296.9,10.9,76.1242857143,2.35714285714,26.7285714286,6.21428571429,31.7,22.2,23.6,11.752115003878325
sj,19,0.0584,0.0277,0.048,0.04892857,8.25,298.071428571,293.538571429,295.6,15.6,76.06,2.65714285714,26.2571428571,5.41428571429,30,22.2,13.7,7.8140846594028055
sj,20,0.03605,0.05396667,0.1071429,0.1168571,34.87,298.218571429,294.987142857,297.1,29.93,82.3328571429,1.74285714286,26.5857142857,4.7,30.6,23.3,23.4,12.086458566658889
sj,21,0.0736,0.04505,0.1062143,0.1195857,28.6,297.971428571,294.715714286,296.6,65.47,82.2571428571,1.8,26.2571428571,4.72857142857,29.4,22.8,44.2,7.117216380167289
sj,22,0.0736,0.044,0.2181571,0.1863,92.89,299.265714286,296.405714286,297.4,18.3,84.4142857143,2.5,27.6142857143,5.71428571429,31.1,23.9,46.7,12.121083772676837
sj,23,-0.0021,0.0656,0.1694714,0.1681,19.06,299.744285714,295.607142857,297.3,5.22,78.3085714286,2.81428571429,27.7571428571,5.8,33.3,23.3,44.7,12.549067447483033
sj,24,-0.0021,0.0713,0.08968571,0.0782,34.18,299.56,295.655714286,297.9,23.83,79.2714285714,2.62857142857,27.8142857143,6.45714285714,32.2,23.9,78.7,15.401872675916342
sj,25,0.03945,0.035,0.1112143,0.1364286,55.21,299.951428571,296.131428571,298.4,8.61,79.7214285714,2.45714285714,28.0571428571,6.28571428571,32.8,24.4,80.1,16.336354208854697
sj,26,0.02156667,0.01685,0.18475,0.2024143,38.8,300.241428571,295.688571429,298.2,9.6,76.37,2.91428571429,28.6571428571,6.98571428571,33.3,24.4,40,13.32135646467936
sj,27,-0.0798,0.00745,0.2403333,0.2286,19.38,300.621428571,296.245714286,297.7,4,77.3214285714,3.75714285714,29.7857142857,6.65714285714,33.9,26.1,0,13.175378257419366
sj,28,0.02915,0.1117333,0.1795286,0.1759714,40.29,300.87,296.43,298.8,11.49,76.9185714286,2.82857142857,29.1285714286,6.57142857143,33.9,23.9,50,17.14108722886681
sj,29,0.0501,0.069,0.2032333,0.2080429,5.22,300.717142857,296.75285714300003,298.7,15.43,79.1828571429,2.87142857143,29.3571428571,5.34285714286,32.8,26.1,12.7,20.774081124160016
sj,30,0.0067,0.05496667,0.1936286,0.1653857,8.15,300.758571429,296.877142857,298.8,27.4,79.5842857143,2.82857142857,29.3285714286,5.95714285714,32.8,24.4,28.2,24.257726710586017
sj,31,0.0838,0.1409333,0.1300714,0.1130571,26.35,300.865714286,296.812857143,299,26.64,78.73,2.65714285714,29.3714285714,6.18571428571,32.8,23.9,61.5,23.961970632067963
sj,32,-0.002,-0.035525,0.2497143,0.1535429,6.73,300.83,296.532857143,299.4,20.01,77.5728571429,2.35714285714,29.3142857143,5.55714285714,32.8,25.6,9.4,27.31011775399899
sj,33,0.0323,0.04776667,0.1554143,0.1342714,16.15,300.924285714,296.681428571,298.9,21.5,77.8357142857,2.34285714286,28.8142857143,6.32857142857,33.3,25,36.1,21.571407983392454
sj,34,0.0323,0.02,0.1940333,0.2151857,90.59,300.72,296.764285714,299.1,49.1,79.1828571429,2.45714285714,28.9142857143,5.78571428571,32.8,25.6,86.7,20.144511631609504
sj,35,0.0323,-2.333333e-4,0.2517,0.2129143,15.02,300.877142857,297.01,298.4,32.72,79.7,2.88571428571,29.4714285714,5.22857142857,33.9,26.7,11.3,26.713206925061982
sj,36,-0.01276667,9e-4,0.1799,0.1595143,9.63,301.101428571,296.554285714,299.1,8.1,76.5442857143,2.82857142857,29.5285714286,7.07142857143,35,24.4,76.3,30.145826116963885
sj,37,0.0595,0.08106,0.1314286,0.09584286,30.56,300.621428571,296.908571429,298.3,49.2,80.3257142857,2.5,28.6428571429,5.02857142857,31.7,23.3,21.4,30.66397398121079
sj,38,0.0879,0.07886667,0.08078571,0.07994286,9.52,300.842857143,296.588571429,298.5,10,77.8542857143,3.35714285714,29.2,6.34285714286,34.4,25,104.7,35.32388864863283
sj,39,-0.06316667,0.058325,0.1537143,0.1367429,53.19,300.772857143,296.405714286,298.8,23.52,77.2185714286,2.98571428571,28.6428571429,6.54285714286,34.4,23.9,35.8,31.043295575668996
sj,40,-0.06316667,0.006025,0.1571,0.1427429,43.31,301.144285714,297.052857143,299.1,15.4,78.5514285714,3.01428571429,29.3571428571,5.78571428571,33.3,25.6,1.6,29.54213685216204
sj,41,0.3461,0.04855,0.1787667,0.2105,60.94,301.345714286,297.091428571,299.4,28.47,77.7671428571,2.58571428571,29.7285714286,6.1,33.3,26.1,7.4,35.759651900971406
sj,42,0.19475,0.135325,0.2547429,0.2541143,20.01,301.045714286,297.228571429,299.2,40.1,79.9157142857,2.88571428571,29.5428571429,5.38571428571,33.3,25.6,29.5,36.1755407488876
sj,43,-0.07906667,-0.12845,0.2722429,0.2278143,5.52,300.831428571,296.9,299,18.7,79.3128571429,2.54285714286,28.9857142857,6.34285714286,33.3,24.4,18.6,37.986128092160534
sj,44,-0.07906667,-6.666667e-5,0.2418571,0.2270429,10.07,300.757142857,295.995714286,298.6,15.38,75.4471428571,2.88571428571,29.1,6.5,33.9,25,2.1,39.38649905297925
sj,45,-0.07906667,-0.1572,0.1306714,0.1443857,12.01,300.407142857,295.571428571,298.6,9.11,75.0357142857,2.82857142857,28.2714285714,5.71428571429,32.2,25,36,27.4015094085386
sj,46,-0.07906667,-0.206,0.2320833,0.1026857,51.55,300.204285714,295.954285714,298.2,37.29,77.6657142857,2.38571428571,27.4,5.42857142857,30.6,22.8,121.1,25.87789460725426
sj,47,0.0291,-0.03568,0.1349833,0.1323,94.13,300.104285714,296.135714286,297.6,19.1,79.0542857143,3.17142857143,27.7285714286,6.9,32.8,23.9,97.3,30.71420246762123
sj,48,-0.0033,-0.03568,0.2258857,0.1390429,41.17,299.988571429,296.444285714,297.7,12.5,81.1328571429,2.92857142857,27.3,6.21428571429,32.8,23.3,68.7,29.856263250420845
sj,49,0.17255,0.1421,0.2154571,0.2151571,3.27,300.038571429,295.387142857,298,1.42,75.7842857143,2.64285714286,26.8571428571,6.2,30.6,23.3,20.1,26.829704400045504
sj,50,-0.0192,-0.04448,0.1941167,0.1522,0,300.025714286,295.412857143,298.5,11.5,75.99,2.15714285714,27.1285714286,5.91428571429,30.6,23.3,12,37.47597078612195
sj,51,0.3517,0.17815,0.2365571,0.2147286,1.88,299.718571429,295.38,298.3,17.9,77.1914285714,2.08571428571,26.6857142857,5.78571428571,30.6,22.2,28.4,23.863889228200147
sj,52,-0.07163333,-0.0481,0.172225,0.1085875,0,299.448571429,294.702857143,297.4,3,75.3514285714,2.65714285714,26.7142857143,6.04285714286,31.7,22.8,1.8,22.610739896366084
sj,53,-0.07163333,-0.0481,0.172225,0.1085875,0,299.448571429,294.702857143,297.4,3,75.3514285714,2.65714285714,26.7142857143,6.04285714286,31.7,22.8,1.8,12.887780808628824
sj,1,0.332,0.0412,0.2023833,0.1897,0,298.66,294.777142857,296.6,17.76,79.3242857143,2.91428571429,26.4571428571,6.58571428571,31.7,21.7,0.3,22.850080106909484
sj,2,0.0227,0.0227,0.1767714,0.1582143,6.24,298.452857143,294.4,296.5,16.97,78.6457142857,3.04285714286,25.6142857143,7.07142857143,31.7,20.6,48.6,20.886350536664864
sj,3,0.2409,0.11044,0.1177714,0.1079,0,297.837142857,295.218571429,296.3,56.9,85.5385714286,2.02857142857,25.0857142857,4.84285714286,29.4,21.7,207.7,24.010067178175902
sj,4,0.0799,0.03605,0.2159429,0.1729714,8.69,298.541428571,294.9,296.4,7.77,80.38,2.71428571429,25.7857142857,5.54285714286,30.6,22.8,20.3,24.64502448009703
sj,5,0.0375,0.0782,0.1250143,0.1347571,0,298.19,292.887142857,296.6,7.6,72.6085714286,2.02857142857,24.9714285714,6.72857142857,28.9,20,5.2,21.186170646235496
sj,6,0.478,0.2132333,0.2625286,0.2623,0,298.76,293.441428571,296.1,0.3,72.5285714286,3.71428571429,26.3142857143,7.7,31.1,21.7,0,19.74491458959887
sj,7,0.478,0.0286,0.13875,0.1762286,0,298.837142857,294.394285714,296.6,2.5,76.6557142857,3.98571428571,26.3857142857,7.52857142857,31.1,21.7,1.8,18.40399796635781
sj,8,-0.02973333,-0.06515,0.09831667,0.08487143,20.28,298.607142857,294.44,296.6,30.3,78.02,2.68571428571,26.7571428571,6.6,32.8,22.2,4.8,20.075284537732596
sj,9,0.0479,0.00168,0.1630833,0.1480167,0,299.298571429,295.811428571,297.3,15.29,81.3057142857,3.75714285714,27.5714285714,6.77142857143,33.9,22.8,20.6,20.65608631968815
sj,10,0.0479,-0.0111,0.04485714,0.02208571,0,298.218571429,294.538571429,293.8,43.5,80.4328571429,3.01428571429,25.9,5.95714285714,33.3,20,43,15.845604568763413
sj,11,-0.101,-0.1214333,0.2296429,0.1776143,0,298.168571429,294.442857143,295,26.1,80.0085714286,2.9,26.1857142857,6.51428571429,33.3,21.1,35.1,8.8703243952001
sj,12,-0.008233333,-0.0748,0.2853714,0.1961,6.92,299.937142857,295.708571429,296.8,1.8,77.8571428571,3.58571428571,28.0428571429,8.02857142857,33.3,22.2,0.3,12.104604348134115
sj,13,-0.06055,0.00845,0.3026857,0.2249429,0,299.79,294.957142857,298,0.8,74.9657142857,3.08571428571,27.5571428571,7.01428571429,31.7,23.3,0,9.554924416629655
sj,14,-0.073,-0.05613333,0.2341286,0.1856857,11.01,298.801428571,293.36,296.2,6.85,72.2,2.85714285714,26.7714285714,6.75714285714,33.9,22.2,0,6.731528173696422
sj,15,0.0197,0.0132,0.1681286,0.1347571,0,298.541428571,293.574285714,296.1,12.3,74.1542857143,2.67142857143,26.1857142857,6.57142857143,30,21.1,17.6,9.139771225572648
sj,16,0.06955,0.0132,0.1177429,0.0991,28.28,298.628571429,295.007142857,297.1,48.3,80.63,2.55714285714,26.5285714286,5.8,32.2,22.8,48.4,14.689681773240585
sj,17,-0.2154,-0.04085,0.0683,0.05615714,43.33,299.662857143,296.558571429,298.2,30.9,83.18,2.54285714286,27.8,5.25714285714,32.8,23.3,21.9,12.252849974979823
sj,18,0.00145,-0.0115,0.2146,0.2137857,13.3,300.294285714,296.421428571,298.2,24.08,79.6928571429,3.27142857143,28.5285714286,6.4,34.4,22.8,31.7,12.630597934672279
sj,19,-0.02065,0.004166667,0.1366429,0.1660143,19.1,299.50285714300003,295.551428571,297.7,14.2,79.1685714286,2.42857142857,27,5.62857142857,30.6,23.3,83.3,6.961599014668767
sj,20,0.0653,0.0993,0.1733143,0.1671429,17.51,299.791428571,296.314285714,298.6,41.5,81.3571428571,2.2,27.8714285714,5.25714285714,31.1,24.4,85.3,12.463353525735787
sj,21,0.1254,0.02483333,0.1619,0.2083571,31.56,300.344285714,296.451428571,298.4,15.6,79.4028571429,3.21428571429,28.2142857143,6.75714285714,32.8,23.9,61.5,9.73323458291192
sj,22,0.05803333,0.0776,0.08121667,0.1078571,125.84,300.362857143,297.661428571,298.2,174.8,85.3457142857,2.4,28.4285714286,5.7,32.8,25,56.2,18.016410734340734
sj,23,-0.0351,-0.022475,0.15555,0.1512714,62.16,300.938571429,297.394285714,299.2,8.1,81.3028571429,3.11428571429,28.9714285714,5.87142857143,33.3,25,17.7,14.279666689430606
sj,24,0.0371,0.072075,0.3342857,0.2732286,18.94,301.03,296.988571429,299.3,13.08,78.8642857143,2.65714285714,28.7,5.81428571429,32.2,25,27.4,14.379576684874905
sj,25,0.072175,0.05403333,0.1621,0.1322429,64.77,300.268571429,297.1,298.3,78.6,83.0014285714,2.21428571429,27.4571428571,4.92857142857,31.7,23.3,100.1,15.337908512036268
sj,26,-0.0817,-0.0171,0.1785429,0.1252143,78.93,300.312857143,297.302857143,298.7,36.12,83.6914285714,2.47142857143,27.4285714286,6.24285714286,32.2,23.3,72.2,11.8757085080696
sj,27,-0.0153,-0.005,0.2143857,0.1765571,9.91,300.871428571,297.5,299.3,27.57,82.0114285714,2.58571428571,28.8571428571,5.7,32.2,24.4,46,13.173430624241389
sj,28,0.099,0.0356,0.2079,0.2079571,28.44,301.101428571,297.604285714,298.9,24.47,81.4942857143,2.64285714286,29.1857142857,6.25714285714,33.9,23.9,7.2,17.085390840970927
sj,29,0.009833333,0.03178,0.05115714,0.07565714,93.3,300.247142857,297.28,298.8,100.9,84.0114285714,2.57142857143,27.8571428571,5.88571428571,32.2,23.3,105.1,22.540043254790813
sj,30,0.08335,0.052,0.1494714,0.1137857,95.05,300.155714286,297.328571429,298.6,40.09,84.71,2.12857142857,27.3285714286,5.22857142857,31.7,22.8,67.5,23.063308563971304
sj,31,-0.01335,-0.02223333,0.2392714,0.2311714,12.19,300.845714286,297.215714286,299.1,19.56,80.7428571429,2.8,28.8857142857,5.48571428571,31.7,25,15.2,19.47277333511886
sj,32,-0.01335,-4e-4,0.0749,0.1157333,3.1,301.214285714,297.417142857,299.3,39.9,80.0414285714,2.61428571429,29.4571428571,6,34.4,25,11.4,30.56360004306104
sj,33,-0.08675,-0.0105,0.13295,0.1404833,55.55,300.91,297.335714286,298.9,40.21,81.0628571429,3.12857142857,28.5142857143,5.7,32.2,25,67.1,19.559264246567853
sj,34,0.03126667,0.128875,0.2844714,0.2008571,23.58,301.127142857,297.421428571,298.5,34.08,80.4528571429,2.71428571429,29.2,5.78571428571,33.9,25,13.7,20.59211017846453
sj,35,0.03126667,0.08176667,0.1728857,0.1753,42.86,301.507142857,297.424285714,299.3,87.1,78.7157142857,3.34285714286,28.9428571429,5.17142857143,32.2,24.4,103.4,26.799525606233225
sj,36,0.3101,0.1785667,0.1176333,0.1335167,44.44,301.364285714,297.45,299.4,31.7,79.5028571429,2.9,29.0571428571,5.72857142857,34.4,25,32.8,34.016899787967134
sj,37,0.0029,0.020066670000000002,0.2180571,0.1339714,57.8,300.948571429,297.407142857,299.3,56.1,81.2114285714,2.31428571429,28.4142857143,5.32857142857,31.7,24.4,77.1,29.51633790306945
sj,38,0.1101,0.07806667,0.1541429,0.1087714,11.72,301.09,296.964285714,299.2,27.6,78.3628571429,3.18571428571,28.6428571429,6.5,33.3,25,71.7,35.30015721657874
sj,39,0.1101,0.08916667,0.1352143,0.1002,28.17,300.905714286,296.91,298.9,30.65,79.0171428571,2.67142857143,27.8714285714,5.42857142857,31.1,24.4,48,30.71642676707578
sj,40,0.08545,0.0887,0.1388,0.1544,90.87,300.725714286,297.104285714,299,32.52,80.7928571429,2.82857142857,28.1,5.4,32.2,25,21.8,30.353587555438693
sj,41,0.2535,0.1899333,0.1137571,0.1099286,132.05,300.831428571,297.372857143,298.9,37.9,81.6242857143,2.85714285714,28.2,6.58571428571,33.3,24.4,85.7,36.29467488582322
sj,42,0.18415,0.164325,0.3621,0.3181286,4.24,300.891428571,296.664285714,298.1,14.5,77.9928571429,3.54285714286,28.0714285714,6.12857142857,32.8,24.4,24.4,29.72468216523884
sj,43,-0.0157,-0.09115,0.3367,0.2160714,1.24,300.914285714,295.712857143,298.5,4.8,73.4828571429,3.05714285714,28.0142857143,6.37142857143,33.3,23.9,12.1,35.35130101472699
sj,44,-0.2052,0.13015,0.1387143,0.1344143,10.37,300.325714286,296.00285714300003,298.3,55.3,77.4014285714,2.64285714286,27.8857142857,6.34285714286,32.2,22.8,61.7,38.99045357617105
sj,45,0.0532,0.04565,0.1268667,0.08613333,89.65,299.848571429,296.415714286,297.8,120.7,81.5514285714,1.98571428571,27.5285714286,6.02857142857,32.2,23.3,120,31.788666697178982
sj,46,-0.18265,0.1144667,0.10925,0.08024286,42.65,298.954285714,294.737142857,296.9,34,78.03,3.12857142857,26.2857142857,5,30,22.8,48.6,31.185029946333366
sj,47,-0.212,0.0148,0.2818571,0.2147286,1.08,299.258571429,293.544285714,297.2,17.58,70.9328571429,2.17142857143,26.1571428571,5.7,29.4,22.2,27.5,22.711338429833297
sj,48,-0.0527,0.01235,0.1708857,0.175,2.12,298.882857143,293.21,296.7,19,71.0842857143,1.94285714286,25.6857142857,5.4,28.9,21.1,6,29.265015699550855
sj,49,0.4955,0.01235,0.2561,0.2230571,0,298.00285714300003,290.877142857,294.8,3.7,64.92,3.44285714286,24.6571428571,6.8,28.3,20,5.1,18.406902414084136
sj,50,-0.1851667,-0.132375,0.209,0.2016571,32.9,298.822857143,294.77,296.3,8.76,78.5142857143,3.57142857143,26.1285714286,5.94285714286,31.1,22.8,45.2,32.620196126828894
sj,51,0.0223,-0.03633333,0.1317143,0.1273571,15.16,298.09,293.75,296.1,30.8,77.07,2.7,25.2,5.48571428571,30.6,21.1,118.4,17.26928148712602
sj,52,0.065,-0.03633333,0.1623286,0.1499111,7.57,298.247142857,293.402857143,296.9,8.3,74.5685714286,1.97142857143,25.4285714286,5.08571428571,28.3,22.2,5.7,21.758800582241555
sj,1,0.00895,0.01385,0.1041143,0.07068571,9.17,296.982857143,292.712857143,295.8,27.68,77.1571428571,1.48571428571,24.1571428571,4.04285714286,27.2,20.6,23.2,17.048049689708524
sj,2,0.00895,-0.03813333,0.1226143,0.1074,7.58,297.898571429,294.548571429,296.4,5.7,81.7714285714,2.11428571429,25.0857142857,6.67142857143,31.7,21.1,24.1,21.571908141404013
sj,3,-0.1112,-0.041775,0.3041714,0.2455429,10.11,298.294285714,294.584285714,297.1,7.2,80.0757142857,2.12857142857,25.4142857143,5.94285714286,30,21.7,16.3,22.68376026779881
sj,4,-0.101,0.0288,0.2506143,0.2021857,0,298.314285714,294.244285714,296.9,0.3,78.2142857143,2.85714285714,25.2857142857,6.95714285714,30,20.6,2.5,21.39845145140049
sj,5,-0.0679,0.05163333,0.1912429,0.1955286,0,298.1,293.485714286,296.7,1.1,75.5814285714,2.8,25.0714285714,6.97142857143,29.4,20.6,6.1,19.763694986834736
sj,6,-0.06153333,0.04316667,0.1529857,0.1240429,0,298.05,293.741428571,296.3,3.7,77.1514285714,2.54285714286,25.6285714286,6.64285714286,30,21.1,8.8,17.12942274418574
sj,7,-0.06153333,-0.09375,0.2440857,0.1502286,0,298.211428571,294.098571429,296.8,2.44,77.9471428571,2.64285714286,26,6.5,30,22.2,20.9,11.983729965102023
sj,8,-0.04325,0.015975,0.2521857,0.1530286,0,297.567142857,293.92,295.8,22.5,80.1685714286,2.48571428571,25.2,6.25714285714,29.4,21.7,25.1,17.055905801509873
sj,9,-0.03105,-0.0164,0.1585,0.1749833,8.04,297.287142857,291.548571429,295.4,0.4,70.3257142857,2.17142857143,24.7857142857,5.7,28.3,21.1,1,14.229224437809739
sj,10,-0.08743333,-0.09346667,0.2900714,0.1417,10.56,297.26,292.582857143,295.7,4.4,75.2285714286,2.55714285714,25.1571428571,6.67142857143,28.9,20.6,3.3,8.136879930031778
sj,11,-0.16475,-0.0063,0.2117714,0.2136857,0,296.95,290.818571429,294.7,2.8,68.6885714286,2.44285714286,24.9571428571,5.65714285714,28.3,21.1,2.1,6.1557462491179535
sj,12,-0.16475,0.09122,0.2114714,0.1593286,0,297.18,292.247142857,295,16.1,74.0228571429,2.62857142857,25.1,6.54285714286,29.4,20.6,11.6,9.017893147772847
sj,13,-0.0839,0.03255,0.1813286,0.1812,15.13,297.682857143,294.00285714300003,295.1,13.16,80.1414285714,2.52857142857,25.7142857143,7.14285714286,31.1,20.6,12.1,8.985856415075505
sj,14,0.05416,0.07942,0.1561429,0.1509571,1.9,298.52,294.791428571,296.8,6.9,80.0857142857,2.74285714286,27,7.8,32.8,21.7,4.6,10.62933347717483
sj,15,0.073,0.06053333,0.1756143,0.1548,0,298.291428571,293.414285714,296.8,0.7,74.3985714286,2.62857142857,26,6.81428571429,30.6,21.7,6.8,10.483814215978754
sj,16,0.073,0.1077,0.2231286,0.2218,31.97,297.895714286,293.735714286,296.6,12,77.7242857143,2.14285714286,25.8714285714,5.92857142857,29.4,22.2,23.1,11.919433610131643
sj,17,-0.07795,-0.2118,0.1421571,0.1457,2.95,298.297142857,293.551428571,296.7,3.7,74.9914285714,2.84285714286,26.5142857143,6.27142857143,30.6,22.8,0.3,7.016127347420166
sj,18,-0.04453333,-0.0261,0.1282333,0.1023714,41.53,298.492857143,295.101428571,297.1,31.1,81.63,1.78571428571,26.0857142857,5.07142857143,30.6,22.8,89.5,11.090549824309875
sj,19,-0.06685,0.0039,0.1433286,0.1329429,9.53,298.235714286,293.391428571,296.7,7.2,74.6028571429,1.92857142857,26.0714285714,4.92857142857,29.4,22.8,0,5.193028004015105
sj,20,-0.06685,0.087875,0.1036833,0.09585714,72.74,298.067142857,295.245714286,295.5,301.4,84.4528571429,2.28571428571,26.8,6.02857142857,32.8,21.1,40.4,13.675427635674682
sj,21,0.06186667,0.076725,0.06075714,0.07672857,69.66,298.782857143,296.398571429,296.8,276.9,86.7814285714,2.28571428571,25.9428571429,6.17142857143,30,20.6,84.3,12.329133725706301
sj,22,0.05805,0.07835,0.1345286,0.1158429,76.75,299.775714286,296.785714286,298.1,28.5,83.7085714286,1.87142857143,27.4142857143,5.34285714286,30.6,23.9,61.3,13.495816034825271
sj,23,0.0253,0.06476667,0.06235714,0.05914286,71.88,299.498571429,296.714285714,297.7,37.3,84.7085714286,1.81428571429,26.5571428571,6.3,30.6,21.1,108.4,13.31045226635774
sj,24,0.06785,0.09993333,0.1639143,0.2054143,52.92,300.214285714,297.794285714,297.8,203.8,86.6785714286,2.05714285714,27.8428571429,6.75714285714,33.9,22.8,200.6,16.435097739171535
sj,25,0.0753,0.08775,0.241,0.2038571,28.95,300.698571429,297.532857143,299.4,15.2,82.8971428571,1.98571428571,28.2142857143,6.57142857143,33.3,22.2,70.8,16.186074527990243
sj,26,0.09443333,0.10244,0.1341714,0.1007286,75.82,300.641428571,297.311428571,299.4,13.6,82.08,2,28.3142857143,5.78571428571,33.3,22.8,6.4,16.38730718775689
sj,27,3.5e-4,0.03214,0.1324857,0.1008429,70.37,300.132857143,297.242857143,298.3,28.7,84.2057142857,1.87142857143,27.7428571429,5.8,32.2,23.9,33,14.883388761743028
sj,28,3.5e-4,0.18825,0.2075714,0.1997,28.3,300.085714286,297.16,298.8,21.5,84.0614285714,1.87142857143,28.1142857143,5.57142857143,31.7,23.3,25,16.960684175788316
sj,29,3.5e-4,0.0829,0.1063857,0.1326429,43.48,300.411428571,296.792857143,299,11.6,80.6385714286,2,27.5,7.05714285714,32.8,22.8,99.6,20.146655134698335
sj,30,-0.0159,0.0503,0.1628429,0.1579429,57.69,300.591428571,297.495714286,299.1,31.2,83.2285714286,2.15714285714,28.5285714286,6.25714285714,32.8,25,48.2,24.83681250215833
sj,31,-0.0132,0.051825,0.1594143,0.1967,33.85,300.26,296.972857143,298.9,42.1,82.2571428571,2.11428571429,27.8857142857,6.27142857143,31.1,23.9,80.3,19.810232887387013
sj,32,-0.0132,0.051825,0.2486,0.2465286,85.88,300.608571429,297.688571429,298.5,22.5,84.1014285714,2.04285714286,28.3142857143,5.17142857143,32.2,22.8,83.9,23.643158532275915
sj,33,0.04,0.2155,0.2223571,0.1979,14.22,300.861428571,297.15,299.3,7.5,80.3342857143,2.44285714286,28.5714285714,6.64285714286,33.3,23.3,20.3,21.376098502155422
sj,34,0.0994,0.0998,0.1454857,0.1467857,120.16,300.632857143,297.535714286,298.4,89.5,83.2857142857,1.84285714286,28.2,5.7,32.8,24.4,205.8,19.06710890998112
sj,35,-0.03925,2.25e-4,0.2394857,0.1892857,93.06,300.672857143,297.31,299,5.9,82.03,2.2,27.6,6.51428571429,33.3,22.8,153.1,22.36028142850395
sj,36,-0.03925,0.06483333,0.2003286,0.1835857,28.09,300.854285714,296.835714286,299.5,9.3,78.7542857143,2.32857142857,28.4857142857,6.25714285714,33.3,24.4,33.3,30.34184439522375
sj,37,0.1231,0.1106,0.1815833,0.1380667,19.72,301.098571429,297.242857143,299.4,34.1,79.6642857143,2.3,28.8,5.61428571429,34.4,25.6,21.5,33.85090484710703
sj,38,-0.00585,0.0351,0.1538857,0.1245857,98.32,300.545714286,296.872857143,298.1,17.1,80.4257142857,2.2,26.8285714286,5.84285714286,32.2,22.8,29,32.266454597768046
sj,39,-0.07495,0.1554333,0.3221714,0.2573286,54.67,300.545714286,297.14,299.2,25.9,81.7557142857,2.14285714286,27.9285714286,6.5,32.2,23.9,48.8,29.621304303311916
sj,40,0.1027,0.1133,0.3673286,0.2589286,27.9,300.92,297.167142857,299.3,1.9,80.1528571429,2.32857142857,28.6142857143,6.72857142857,33.3,23.9,39.4,25.27817692662595
sj,41,0.0313,0.04263333,0.1176714,0.1079667,50.93,300.698571429,296.544285714,299.3,1.4,78.11,2.15714285714,27.8857142857,6.6,32.8,23.3,32.5,33.218208696560175
sj,42,-0.0216,-0.0404,0.1848857,0.1574429,19.83,300.567142857,296.318571429,298.9,7.3,77.6971428571,2.25714285714,27.8428571429,7.32857142857,32.8,23.3,10.4,33.35477161331999
sj,43,-0.0219,-0.0525,0.1477571,0.1242571,6.38,300.341428571,295.611428571,298.6,6.9,75.4171428571,2.5,27.2714285714,6.44285714286,31.1,23.3,58,37.72138000985882
sj,44,0.0893,0.0436,0.2261167,0.1855714,4.75,300.397142857,296.717142857,298.7,8.1,80.4071428571,2.37142857143,27.7142857143,6.5,31.1,22.8,39,38.0647531044891
sj,45,0.1903,0.07236667,0.2001167,0.07466667,98.53,300.237142857,296.217142857,298.6,6,78.6428571429,2.61428571429,27.1857142857,7.08571428571,32.8,22.8,15.2,30.700603434752782
sj,46,-0.4634,-0.0331,0.1027857,0.0611,44.02,300.134285714,296.257142857,298.4,25.9,79.3842857143,2.32857142857,27.1,6.28571428571,31.7,23.3,31.8,28.20374920013399
sj,47,-0.02486667,0.0261,0.1853143,0.1791857,0,299.417142857,295.785714286,297.7,60,80.5971428571,2,27.0857142857,5.15714285714,30,23.3,22.1,30.101674535630238
sj,48,-0.1309333,0.0022,0.2177286,0.2201429,8.85,299.095714286,295.592857143,297.4,26,81.1885714286,1.98571428571,26.3,5.31428571429,30,22.2,50.2,28.68916894555273
sj,49,0.0886,-0.05363333,0.3307286,0.2199,5.54,298.9,294.268571429,297.7,5.3,75.6671428571,1.85714285714,26.0142857143,5.4,28.9,21.7,93.7,19.531534315574135
sj,50,0.0886,0.14165,0.1836,0.1461571,169.34,298.717142857,295.172857143,297.6,70.8,80.9242857143,1.72857142857,25.9142857143,5.21428571429,29.4,22.8,70.9,40.69712285349931
sj,51,0.1028667,0.0522,0.1072857,0.08585714,0,298.28,292.768571429,296.6,6.1,71.7171428571,2.1,25.5714285714,5.17142857143,28.9,22.2,27,20.621007164903908
sj,52,0.1653,0.099025,0.152875,0.0815125,15.3,298.507142857,293.324285714,297,8,73.1871428571,2.04285714286,25.8285714286,5.78571428571,29.4,22.2,48.1,24.800257040784928
sj,1,0.02685,0.0642,0.2285143,0.1994,0,298.694285714,294.234285714,297.3,1.4,76.5171428571,2.32857142857,26.2,6.11428571429,30.6,22.2,4.7,21.096443363122813
sj,2,-0.1263667,0.01268,0.2306857,0.1241571,0,298.204285714,294.264285714,296.9,10.7,78.8328571429,2.12857142857,25.4142857143,6.24285714286,29.4,21.1,13,19.224456284326205
sj,3,-0.06515,0.0226,0.15214,0.1840143,0,298.35,293.485714286,297.1,1,74.55,2.35714285714,25.4428571429,6,29.4,21.7,6.4,25.614970771391015
sj,4,0.31275,0.1132,0.1889857,0.1817429,0,297.347142857,293.01,295.5,13.8,76.8942857143,2.15714285714,24.8571428571,6.02857142857,28.3,20.6,27.5,25.509715290711757
sj,5,-0.1114,0.0191,0.1417571,0.1323143,0,297.404285714,292.805714286,296,7.9,75.6385714286,2.47142857143,24.8285714286,5.78571428571,28.3,21.1,32.2,18.458608989547912
sj,6,-0.0469,0.054,0.255,0.1690857,7.02,297.567142857,293.488571429,296.2,7.8,78.1057142857,2.31428571429,24.9,5.8,28.3,21.1,25.5,14.620339309197686
sj,7,-6.333333e-4,-0.1169333,0.1536571,0.1449,0,297.932857143,293.618571429,296.5,1.9,76.9671428571,2.7,25.6428571429,6.82857142857,31.1,21.7,12.5,12.861184073495512
sj,8,-0.0569,0.156225,0.3853833,0.30625,0,297.224285714,293.177142857,295.8,24.5,78.2257142857,2.52857142857,24.8857142857,5.64285714286,28.3,20.6,8.2,16.173486792031504
sj,9,-0.01215,4.2e-4,0.1655429,0.1632714,0,298.032857143,293.374285714,296.6,2.8,75.4257142857,2.61428571429,26.1428571429,6.24285714286,30,21.7,5.8,16.989567642566147
sj,10,0.0065,0.028225,0.2108714,0.1460429,12.06,297.811428571,293.795714286,295.4,8,78.5142857143,2.57142857143,25.9,6.72857142857,30.6,21.7,9.8,13.31626098973921
sj,11,-0.0854,0.0586,0.233,0.1981143,9.11,297.701428571,293.284285714,295.9,15.5,76.5314285714,2.48571428571,25.6285714286,6.1,29.4,22.2,16,9.11770365295107
sj,12,-0.0854,-0.085,0.07594286,0.0711,84.44,297.685714286,292.761428571,295.6,3.2,74.1528571429,2.61428571429,26.0428571429,6.9,30.6,22.2,0.6,11.142689317255046
sj,13,0.0902,0.0212,0.1131429,0.09855714,93.61,297.075714286,293.832857143,295.4,71.6,82.2242857143,2.08571428571,25.7285714286,6.1,30,22.2,134.9,11.356227719365831
sj,14,-0.0487,0.03106667,0.1584429,0.1257286,59.89,297.931428571,294.66,295.4,35.7,82.1228571429,2.4,26.2857142857,6.81428571429,32.2,22.2,75.2,8.928660503584213
sj,15,0.0576,-0.02305,0.1094333,0.0852,19.2,298.638571429,294.6,297,8.3,78.44,2.54285714286,26.9,5.94285714286,32.2,23.3,12.4,11.738719441161273
sj,16,0.1528,0.2424,0.2454667,0.2488,26.2,298.2,294.387142857,295.8,49.7,79.51,2.21428571429,26.5285714286,6.42857142857,33.3,22.8,84.1,15.46453647132122
sj,17,0.014975,-0.00362,0.1908571,0.1396,2.49,298.012857143,293.171428571,295.4,1.1,74.7571428571,2.55714285714,26.4285714286,6.35714285714,32.8,21.7,17.5,10.64695131376678
sj,18,-0.0201,3e-4,0.08328333,0.07257143,5.79,298.964285714,295.47,297.3,16,81.1642857143,2.21428571429,27.8428571429,6.2,33.3,23.9,20.6,15.01898225059447
sj,19,0.1338667,0.1546,0.1486571,0.1466143,46.85,298.421428571,295.051428571,297,23.92,81.6814285714,1.87142857143,26.5142857143,5.38571428571,30,22.8,72,10.079690369417506
sj,20,-0.1709,-0.0351,0.09203333,0.06088333,45.91,299.447142857,296.382857143,297.8,2.5,83.3428571429,2.25714285714,27.7571428571,5.65714285714,31.7,23.9,17.8,11.934756903380865
sj,21,0.17235,0.06846667,0.1877714,0.1193286,25.74,299.125714286,296.172857143,297.3,13.7,83.8428571429,2.54285714286,27.5142857143,5.98571428571,31.7,23.9,34.6,9.646538380633707
sj,22,-0.0268,0.02413333,0.1911286,0.1526714,0.64,299.475714286,295.035714286,297.6,3.8,76.7428571429,2.78571428571,27.5571428571,6.37142857143,31.7,23.9,6.4,10.666953896010693
sj,23,0.0355,0.0118,0.2532857,0.2030571,6.44,300.437142857,296.354285714,298.5,0.1,78.6271428571,3.15714285714,29.2,7.2,33.9,24.4,3.6,12.62501742660171
sj,24,0.0355,0.0373,0.1486833,0.1225,4.51,300.778571429,296.161428571,298.2,0,76.0514285714,3.38571428571,29.5857142857,7.35714285714,33.9,25,0,16.726192219244076
sj,25,0.0355,0.0462,0.2058714,0.1713143,31.52,300.884285714,296.497142857,299,1.2,77.1342857143,3.32857142857,30,7.27142857143,35,26.1,0.6,19.790935325257358
sj,26,0.0355,0.01193333,0.1523,0.1498571,0,300.87,296.688571429,299.3,4.5,78.0614285714,3.11428571429,30.2714285714,7.58571428571,35,25.6,3.1,17.054840364353918
sj,27,-0.0059,0.0495,0.1681571,0.1264571,6.15,300.647142857,296.544285714,299,12.6,78.3971428571,2.64285714286,29.5428571429,7.27142857143,33.9,25,11,15.7792972773013
sj,28,-0.00425,0.06515,0.1304714,0.1351143,58.48,300.288571429,296.641428571,298.8,21,80.54,2.07142857143,28.4571428571,6.42857142857,32.8,23.3,52,17.02655886128683
sj,29,-0.00425,-0.04336667,0.11406,0.1218,17.72,300.58,296.862857143,298.8,5,80.3057142857,2.51428571429,29.0428571429,5.47142857143,32.8,25.6,13.2,21.384877762984804
sj,30,-0.09,-0.09856667,0.1544714,0.09651429,22.19,300.465714286,297.145714286,298.7,20.6,82.1842857143,2.28571428571,28.6285714286,5.45714285714,32.8,25,49.4,22.520684019649558
sj,31,0.0859,0.0095,0.16885,0.1110167,11.16,300.801428571,296.697142857,299.1,16,78.4185714286,2.35714285714,28.9857142857,5.55714285714,32.8,25,8.7,22.948734225735176
sj,32,0.0859,0.0589,0.1974429,0.1661571,62.2,300.474285714,297.047142857,299.1,50.7,81.6514285714,2.05714285714,28.5142857143,5.4,32.8,24.4,50.1,28.325685961057054
sj,33,0.0777,-0.01435,0.07313333,0.08764286,55.64,300.9,297.337142857,299.5,15.9,80.9828571429,2.42857142857,28.6285714286,6.94285714286,33.9,23.3,69.6,21.32117315999897
sj,34,0.0345,0.04453333,0.09677143,0.09642857,28.97,300.95,297.095714286,299.4,7.3,79.6314285714,2.34285714286,29.1142857143,5.61428571429,33.3,25.6,26.9,22.20472288279092
sj,35,0.2705,-0.08693333,0.1975,0.1766714,76.41,300.325714286,296.735714286,298.4,57.4,80.8628571429,2.2,28.0142857143,6.02857142857,32.2,23.9,80.2,25.67232867286983
sj,36,0.0011,0.0801,0.3029571,0.2067857,2.13,300.695714286,296.488571429,299.3,1.8,77.8028571429,2.45714285714,28.7714285714,5.7,32.2,25.6,3.1,29.220226724598362
sj,37,0.16795,0.09135,0.2188286,0.2360429,1.26,301.065714286,296.217142857,299.1,1.3,75.0728571429,3.35714285714,29.5428571429,6.58571428571,33.3,25.6,0,31.87811186188382
sj,38,0.2986,0.033,0.2189286,0.2298,15.09,301.068571429,296.357142857,299.5,1.4,75.5814285714,2.72857142857,29.6714285714,6.74285714286,33.3,26.1,5.6,35.193219022881145
sj,39,-0.0076,0.0052,0.16935,0.1150571,25.17,301.394285714,296.86,299.7,2.7,76.5385714286,2.45714285714,29.7285714286,6.64285714286,33.9,25.6,5.4,31.04366502711245
sj,40,-0.0076,0.1445,0.2415143,0.1779429,53.04,301.022857143,296.801428571,299.6,4.8,77.8914285714,2.22857142857,28.9428571429,6.9,33.3,24.4,42.6,29.062186416864005
sj,41,0.0937,0.0872,0.1617167,0.1427143,18.78,300.768571429,296.275714286,299.1,13.3,76.6457142857,2.54285714286,28.6428571429,6.22857142857,32.2,25,17.3,33.75643325580576
sj,42,0.0937,0.07615,0.1523714,0.1075714,31.75,300.678571429,297.311428571,299.2,42.1,81.9,2.21428571429,28.5285714286,6.35714285714,33.9,23.3,32.5,38.36048131998805
sj,43,-0.051,0.06735,0.1408857,0.1261143,29.62,300.734285714,296.818571429,299.1,10.4,79.3171428571,2.24285714286,28.6142857143,6.9,33.3,24.4,49.8,43.20336110717973
sj,44,-0.06705,-0.076550000000000007,0.1424429,0.08971429,46.91,300.911428571,296.905714286,299.4,3.6,78.9414285714,2.9,29.4,7.28571428571,34.4,24.4,19.3,40.78101170620529
sj,45,-0.06705,-0.076550000000000007,0.19495,0.1864714,12.28,300.621428571,296.415714286,299.4,8.3,77.8342857143,2.21428571429,28.6714285714,6.02857142857,33.3,25,1.5,29.027531066283196
sj,46,-0.1022,0.07423333,0.1327167,0.162,26.44,300.301428571,296.207142857,298.3,49.1,78.4885714286,2.48571428571,28.5142857143,6.34285714286,32.8,24.4,3.1,34.52791022483863
sj,47,0.1046,0.0023,0.0062,-0.01467143,27.82,300.225714286,296.538571429,298.9,12,80.3028571429,2.17142857143,27.9142857143,5.88571428571,31.1,24.4,14.2,33.91653509277199
sj,48,-0.1687667,-0.03216667,0.2129857,0.1879286,26.6,299.762857143,295.638571429,298,21.7,78.2214285714,2.45714285714,27.6142857143,5.74285714286,31.1,23.9,46.6,29.219061232349684
sj,49,-0.1687667,0.0163,0.1902429,0.1598571,3.08,299.331428571,295.247142857,297.5,16.2,78.3071428571,2.22857142857,27.1428571429,5.88571428571,31.1,23.3,58.9,24.61830742395263
sj,50,-0.364,-0.1429,0.067257140000000007,0.06585714,34.66,299.15,294.357142857,297.1,19.3,75.0814285714,2.2,27.0857142857,6.3,32.2,22.8,9.8,32.645612716581645
sj,51,-0.1163,-0.09245,0.07767143,0.05647143,0,298.757142857,294.041428571,296.8,8.9,75.3257142857,2.45714285714,26.2428571429,5.7,30.6,21.7,26.4,18.565824648614274
sj,1,-0.3098,-0.11205,0.1436714,0.1408143,31.83,298.295714286,294.692857143,296,15.8,80.5528571429,2.37142857143,26.9428571429,6.58571428571,31.1,21.7,22.7,17.595026398693918
sj,2,0.02015,0.0661,0.1156333,0.1182429,0,298.798571429,293.987142857,297.3,2.7,74.9528571429,2.22857142857,26.0857142857,5.22857142857,29.4,22.2,8.7,22.349989190128806
sj,3,-0.2749,-0.0832,0.1235714,0.1298571,0,298.007142857,292.921428571,295.8,8.5,73.4928571429,1.77142857143,25.6,5.5,28.9,21.1,17.2,22.632858726053197
sj,4,-0.0714,-0.01942,0.2051429,0.1898571,0,297.622857143,293.034285714,295.8,8.3,75.6685714286,2.64285714286,25.1428571429,5.71428571429,28.9,21.7,6.4,20.241521425361782
sj,5,0.2359,0.117,0.1545,0.1411429,0,298.155714286,294.041428571,296.7,7.7,78.1,2.38571428571,26.1285714286,6.27142857143,30,22.2,6.1,25.486052945972357
sj,6,0.0082,0.02113333,0.18005,0.06411667,0,297.65,293.052857143,296,15.1,75.9385714286,2.67142857143,25.3,6.31428571429,29.4,20.6,26.4,16.336363197261235
sj,7,0.1198,0.07885,0.2703714,0.1865,0,297.914285714,292.908571429,296.1,7.6,73.8728571429,2.68571428571,25.3285714286,6.58571428571,30,21.1,34.8,13.001370874271318
sj,8,-0.0518,-0.025025,0.2097286,0.1870143,0,298.035714286,292.805714286,296.2,0.3,72.7942857143,2.77142857143,25.6285714286,6.97142857143,31.1,21.1,0.3,17.178302164760304
sj,9,-0.006125,0.007633333,0.1280333,0.1348833,0,298.088571429,293.092857143,296.4,1.5,73.9171428571,2.87142857143,25.8,6.58571428571,30,22.2,4.1,17.22068599881663
sj,10,-0.006125,-0.0136,0.03192857,5e-4,23.06,298.191428571,292.972857143,295.9,4.6,73.0371428571,3.62857142857,26.6714285714,8.4,32.8,21.7,6.6,16.08073750738165
sj,11,0.008,0.054875,0.2443286,0.2219429,0,297.157142857,291.868571429,295.2,13.5,72.5628571429,2.12857142857,25.3571428571,5.47142857143,30,21.7,17.1,8.800080523460606
sj,12,-0.04515,0.006225,0.1075143,0.1167,0,297.288571429,290.987142857,295.3,4.8,68.1814285714,3.05714285714,25.8428571429,6.47142857143,29.4,21.7,4.8,9.159035945436568
sj,13,-0.0874,-0.01618333,0.1563429,0.1051857,30.34,298.67,294.675714286,296.4,2.55,78.78,3.31428571429,27.5428571429,7.94285714286,33.9,22.8,3.5,11.65074134149741
sj,14,-0.20325,-0.07783333,0.2041714,0.1789143,6.55,298.035714286,294.628571429,295.9,64.3,81.65,2.82857142857,26.6428571429,6.64285714286,33.3,22.8,17.6,7.589631191425113
sj,15,-0.1176,-0.0082,0.1927,0.1704286,0,299.057142857,294.948571429,297.5,0.7,78.2857142857,3.17142857143,27.9142857143,8.11428571429,32.8,23.3,9.4,10.000410099757637
sj,16,0.08275,0.0312,0.1350143,0.07485714,0,298.912857143,294.678571429,297.3,1.4,77.6742857143,3.04285714286,27.7285714286,6.94285714286,31.7,23.9,22.9,14.329344372873628
sj,17,-0.0873,-0.04866667,0.1298143,0.1176714,45.47,298.067142857,294.132857143,296.6,19.9,79.0457142857,2.34285714286,26.4428571429,6.74285714286,31.1,21.7,47.5,9.122400649740465
iq,26,0.1837833,0.1425,0.2251286,0.1502143,82.29,297.648571429,296.118571429,293.7,34.11,92.5814285714,9.42857142857,27.44,10.76,33.8,21.5,11.2,2.3214329599353363
iq,27,0.2916571,0.2722667,0.3307,0.3209143,25.3,298.224285714,294.831428571,292.2,9.1,83.8857142857,10.1571428571,27.025,9.625,33,21.2,8.9,0.7798657613716315
iq,28,0.2085429,0.3664571,0.2126286,0.2555143,62.14,297.955714286,296.417142857,292.5,61.09,92.0571428571,9.55714285714,26.95,10.35,33.4,21.6,22.6,2.350983176775088
iq,29,0.08928571,0.06321429,0.1220571,0.08195714,47.8,295.715714286,293.638571429,289.3,19.6,88.97,7.82857142857,26.9,9.7,33.3,14.2,4.8,7.655922559532328
iq,30,0.3061,0.3276833,0.2500857,0.2679143,56.3,298.50285714300003,293.892857143,290.5,18.93,78.61,11.7714285714,27.05,11.85,33.5,16.9,3,3.3239120569520395
iq,31,0.34202,0.3048571,0.3323571,0.3457286,16.95,298.611428571,295.065714286,293.4,32.92,83.2742857143,11.1571428571,27.7,12.6,34,20,92.2,0.547844531486728
iq,32,0.3322167,0.3848167,0.3566,0.3539167,9.88,298.305714286,292.085714286,292.2,10.5,72.4714285714,11.8285714286,26.4333333333,12.0333333333,34.2,18.5,0,2.9611654964820247
iq,33,0.2218143,0.2241,0.2730857,0.2312429,15.76,298.724285714,294.812857143,293.2,20.3,81.5571428571,12.6428571429,27.275,11.375,34,21,20.3,2.450608995416026
iq,34,0.3190429,0.3158714,0.3267,0.3440571,7.82,299.914285714,292.691428571,292.3,14.21,68.6157142857,14.4857142857,27.4,13.1,34.7,20,20.3,0.20590967324422493
iq,35,0.3420143,0.3019286,0.3147,0.381,59.06,300.224285714,295.2,294.1,41.1,77.2028571429,12.6714285714,28.175,13.2,36.2,21,8.5,3.646338394392316
iq,36,0.1165833,0.1002833,0.1406833,0.1138167,37.9,298.501428571,295.641428571,292.8,50,85.6914285714,10.1,27.1,11.1666666667,35.4,21,15,13.1539356133898
iq,37,0.2591667,0.26732,0.2123286,0.3265429,16.86,299.948571429,294.56,293.7,17.7,75.27,12.6142857143,28.225,13.175,35.2,21,4.1,7.336795854147049
iq,38,0.3062143,0.2635857,0.3215429,0.3791714,46.96,298.704285714,295.687142857,293.7,156,85.72,10.6285714286,28.8666666667,13.0666666667,36.2,19.1,26.9,5.726955701377957
iq,39,0.3867857,0.3726286,0.3796143,0.3973571,28.63,300.064285714,294.244285714,293.3,13.16,73.5128571429,13.2428571429,28.4,12.6666666667,35.8,21.2,1.5,8.089553938111713
iq,40,0.30415,0.3368667,0.2538833,0.3275333,26.29,301.935714286,294.082857143,294.8,249.4,66.31,13.6285714286,29.08,14.38,38.4,20.5,14.1,11.228136861950405
iq,41,0.3290429,0.2942714,0.3070286,0.3938143,33.49,299.8,295.312857143,293.5,28.5,79.7628571429,12.3142857143,28.65,12.5,35.7,19.8,25.9,5.281548664498093
iq,42,0.2441286,0.1928833,0.2322286,0.2819286,34.93,298.857142857,296.178571429,293.8,141.6,87.7528571429,12.6142857143,27.8,13.5,35,19.8,8.1,13.049280211306293
iq,43,0.2396,0.2375286,0.1940714,0.2292,47.9,299.341428571,296.84,294.5,75.1,87.8028571429,9.78571428571,29.1333333333,11.8666666667,36,21.2,4,22.64076878750028
iq,44,0.2840286,0.3218429,0.2682429,0.1984286,47.11,299.597142857,297.718571429,296,85.3,90.64,9.81428571429,28.48,13.3,36,21.2,46,12.719903405061633
iq,45,0.3561857,0.3933286,0.2812,0.3909286,65.8,299.572857143,296.244285714,291.9,229.6,84.3857142857,10.8428571429,28.8,14.725,37.4,20,35.8,6.272225533008559
iq,46,0.1918714,0.2326571,0.2561857,0.1838714,62.56,298.307142857,296.478571429,293.5,143.1,91.3428571429,9.64285714286,27.35,11.825,35.1,20.5,41.1,14.89147236796934
iq,47,0.3294714,0.3875286,0.3104,0.2884857,43.51,298.212857143,297.012857143,294.6,69.53,93.4071428571,7.32857142857,27.35,12.35,34.4,20.5,40.2,15.014409007371013
iq,48,0.1851,0.1840714,0.09825714,0.2526571,42.7,299.878571429,296.624285714,295.4,58.43,85.2885714286,11.0571428571,28.65,12.55,36.2,20.9,17,11.25647400131668
iq,49,0.2064857,0.2436286,0.2296286,0.2305571,102.94,298.508571429,297.198571429,295.3,116.57,93.8414285714,8.17142857143,27.08,10.32,34.6,21.4,29.2,12.767049481922427
iq,50,0.3063571,0.2906714,0.3378714,0.3118143,26.86,298.977142857,296.377142857,295.1,34.23,86.9057142857,8.94285714286,28.7666666667,13.5333333333,36.2,21.8,9.2,20.1637735749282
iq,51,0.2478143,0.1746,0.2196571,0.2418286,39.13,299.08,294.8,294.4,19.83,79.9485714286,9.75714285714,28.0666666667,13.9666666667,36.2,20.5,7.1,6.454936085764025
iq,52,0.2775,0.3043667,0.2356556,0.2894333,43.67,296.571428571,295.94,294.2,222,96.6271428571,4.8,26.9,8.6,33.2,22,54.7,9.174765085248575
iq,1,0.3677429,0.3201429,0.3127714,0.3882571,10.08,298.875714286,294.698571429,293.2,44.87,80.4528571429,10.5142857143,27.85,12.35,36,21.2,0,8.189846380557539
iq,2,0.2194429,0.2352833,0.2000286,0.2779857,48.87,298.168571429,296.037142857,295,134.5,89.6757142857,8.1,27.8333333333,10.8,34.4,21.5,33,13.331366602002864
iq,3,0.2611286,0.2940286,0.2393286,0.3210571,51.12,298.012857143,295.991428571,292.4,28.9,90.4542857143,9.38571428571,27.6333333333,10.4666666667,34.1,21,40.9,11.43882302809037
iq,4,0.2402,0.2538286,0.2092286,0.2298429,53.22,298.424285714,294.29,293.1,9.4,80.1285714286,10.2571428571,27.45,11.4,35,21.2,9.9,15.266509603360774
iq,5,0.1724286,0.1657857,0.1928286,0.1904,50.2,297.481428571,295.764285714,291.9,98.7,91.44,8.31428571429,28,11.4,34,20.5,34.3,13.259499375788547
iq,6,0.3101429,0.2193286,0.1789571,0.3013429,43.54,298.025714286,296.27,292.3,62.8,91.3385714286,9.58571428571,27,11.05,33,21,0.5,11.273287574453718
iq,7,0.2876429,0.2826143,0.2644571,0.3459714,60.97,297.587142857,296.56,294.3,280.42,94.5785714286,8,27.4333333333,11.5333333333,33.6,21,41.2,14.159930360731158
iq,8,0.1665714,0.1742714,0.1805,0.1536429,76.73,297.751428571,296.784285714,292.6,45.9,94.8542857143,8.67142857143,27.95,10.8,34.2,21,9,9.600930374271925
iq,9,0.2160167,0.2520333,0.2109167,0.3020167,42.18,297.561428571,296.878571429,294.6,126.8,96.3828571429,6.35714285714,27.4666666667,11.5666666667,34.2,20.5,13.3,9.376749902431426
iq,10,0.2821,0.2399143,0.2339,0.3507,101.98,297.341428571,296.247142857,293.4,87.4,94.4485714286,7.78571428571,26.7,9.16666666667,33.4,21.4,22,5.321452917917139
iq,11,0.3512429,0.3383286,0.3577857,0.3826429,49.58,297.991428571,296.22,293.2,54.1,91.1857142857,8.92857142857,27,10.75,35,21.2,1.8,2.2198707500330705
iq,12,0.1382571,0.1547143,0.1428286,0.1930857,71.69,297.602857143,296.712857143,294.2,73.7,95.4257142857,7.61428571429,27.7571428571,10.8571428571,35.2,21,44.9,8.253443289709567
iq,13,0.2292,0.2304,0.1851286,0.2082857,54.37,297.55,296.714285714,293.5,67.28,95.56,6.54285714286,26.9,10.5666666667,33,21.4,5.4,6.844427673508413
iq,14,0.3128143,0.3191714,0.3774571,0.3847857,72.16,298.044285714,296.971428571,293.5,82.1,94.5657142857,8.65714285714,27.9,9.7,34.2,20.6,47,0.46980899370134566
iq,15,0.2731833,0.3287,0.2243571,0.3501714,64.17,296.652857143,296.205714286,293.4,81.2,97.5985714286,5.32857142857,26.1,9.2,33.4,21.2,48.8,5.891922045537623
iq,16,0.2215571,0.2313714,0.1462571,0.1660429,112.69,296.714285714,296.192857143,293.5,101,97.3,5.51428571429,27.15,9.25,34.4,21.8,8.1,11.279724077025636
iq,17,0.2891,0.35406,0.1965571,0.2656857,89.33,297.277142857,296.77,292.8,97.2,97.3014285714,7.65714285714,28.1,10.2,33.2,22.3,24,7.764118568276306
iq,18,0.2470143,0.2773714,0.2767571,0.2252857,111.09,297.55,297.084285714,293.9,101.6,97.4814285714,6.18571428571,27.425,10.1,33.2,21.2,17.5,6.541876201958292
iq,19,0.2356143,0.36116,0.2586286,0.3281,53.29,295.50285714300003,294.28,291.9,42.6,93.8528571429,5.7,26.3,8.55,30.8,21.5,39.3,4.002665583052792
iq,20,0.1068857,0.1086571,0.1276429,0.1072857,135.1,296.158571429,295.59,291.6,69.5,96.9114285714,5.77142857143,27,8.26666666667,32.6,22.5,18,4.982232289039896
iq,21,0.2827571,0.2121714,0.2726429,0.3207,105.13,297.54,295.931428571,292.2,35.9,92.1285714286,9.54285714286,27,8.26666666667,33.2,22.5,38.1,-0.7291926210826496
iq,22,0.1145857,0.1302714,0.1424857,0.2094857,28.1,296.657142857,295.432857143,292.9,36.5,93.81,8.07142857143,27,8.26666666667,33.4,22.5,23.4,3.8678311668321186
iq,23,0.2767571,0.2575857,0.1826571,0.3158571,152.32,295.778571429,294.741428571,291.7,36.7,94.9485714286,6.15714285714,27,8.26666666667,31.4,22.5,27.2,4.156736298998609
iq,24,0.33932,0.26412,0.3501,0.3288,54.27,297.388571429,295.304285714,291.6,178.1,90.09,9.32857142857,27,8.26666666667,33.6,22.5,4.1,2.4758919350284216
iq,25,0.1635429,0.2133143,0.1999571,0.2143286,59.54,294.554285714,293.484285714,290.5,44.7,94.75,5.72857142857,27,8.26666666667,32.2,22.5,35.8,7.760293776878061
iq,26,0.1782429,0.1938714,0.2064714,0.1768143,42.4,296.185714286,294.762857143,290.4,64.2,92.5014285714,8.14285714286,27,8.26666666667,33.2,22.5,9.6,4.59141179964131
iq,27,0.1397571,0.13925,0.116,0.1848571,31.44,295.551428571,294.848571429,291.3,54,96.4942857143,7.34285714286,27,8.26666666667,29.6,22.5,17.2,7.030460399296228
iq,28,0.3302,0.3348429,0.3249571,0.3198429,19.52,295.554285714,293.251428571,290.6,25.7,88.7785714286,9.27142857143,27,8.26666666667,31.8,19.5,21.1,2.3685840041698256
iq,29,0.2778714,0.2915143,0.2991143,0.3904714,70.29,297.205714286,294.161428571,290.9,24.8,85.5657142857,10.5571428571,26.85,11.7,34,20.6,16.3,0.7406698933744771
iq,30,0.2031571,0.1922714,0.2074,0.2488833,105.88,296.485714286,294.448571429,291.3,19.6,90.0714285714,10.5142857143,26.7333333333,10.6333333333,33,21,38.8,5.935913436121481
iq,31,0.3812714,0.3726833,0.3742429,0.4643571,14.96,296.798571429,293.864285714,291.1,27.3,86.0828571429,10.7571428571,27.4333333333,11.6,33.4,20.8,5.1,2.449427147370635
iq,32,0.3229143,0.3349429,0.2934714,0.3355,7.3,297.454285714,294.522857143,290.9,79.9,86.3557142857,11.6428571429,27.02,11.56,34.2,20.4,5.1,3.9887082093629864
iq,33,0.2866429,0.2679667,0.2945571,0.3465429,24.95,297.928571429,292.11,291.6,10.4,73.6757142857,11.6714285714,27.85,11.95,34.8,21.2,11.2,3.754683276856529
iq,34,0.3120857,0.2748,0.2536,0.2944571,24.3,297.938571429,293.695714286,291.8,24.3,80.4857142857,11.8,28.75,12.15,35.2,17.4,23.9,3.597092964435344
iq,35,0.3227286,0.3295429,0.2857571,0.3432857,30.18,298.15,293.241428571,290.9,14.4,77.5371428571,13.2,28.1,12.2,34.2,17.8,25.1,2.8739707729195985
iq,36,0.272,0.2638,0.2696143,0.2356143,23.04,297.72,293.715714286,291.8,11.4,80.79,12.6571428571,27.8,12.2333333333,34.8,21.6,12.9,8.502822120270682
iq,37,0.1696286,0.1409,0.1158,0.1237857,60.78,298.628571429,294.987142857,292.4,64.5,82.5842857143,11.0428571429,27.5333333333,11.3666666667,34.4,21.5,66,8.923328453257907
iq,38,0.4299857,0.4121571,0.2781286,0.4019429,56.19,297.778571429,295.05,291.7,107.8,87.59,12.0142857143,27.65,10.65,33.8,21.4,29,6.642258732692863
iq,39,0.3460143,0.2842714,0.3458143,0.36870000000000003,55.53,298.015714286,295.832857143,292,90.9,89.4428571429,10.2714285714,26.8,7.3,33.3,22.2,29,15.327667282171584
iq,40,0.3865,0.3082714,0.4066143,0.3867429,62.22,297.098571429,295.755714286,291.9,47.5,93.28,8.27142857143,27.525,11,34.2,21.1,38.8,8.115448867613342
iq,41,0.2673,0.2528143,0.2181429,0.2967,43.29,298.13,296.34,293,52.3,91.2657142857,9.8,27.75,10.6,33.7,21.4,36.8,10.705254361761327
iq,42,0.2488,0.2852857,0.2442571,0.2892143,51.74,299.761428571,296.897142857,295.5,35.7,86.1985714286,9.98571428571,28.975,10.9,34.7,22.8,10.2,16.776208844408
iq,43,0.4231714,0.4198429,0.4419143,0.4397571,36.09,298.027142857,296.235714286,292.2,130,90.9985714286,11.1142857143,27.2333333333,11.5,34.2,21.2,61.7,10.947452290802195
iq,44,0.4194,0.3701571,0.3908143,0.3687571,25.73,298.482857143,296.044285714,291.3,51.2,88.5042857143,11.7285714286,28.75,12.45,35.5,21.4,43.2,5.66528329077811
iq,45,0.2752714,0.2726571,0.2768429,0.2208429,61.75,298.584285714,296.392857143,292.7,69,89.7214285714,11.7428571429,28.8,12,35.2,21.2,9.1,8.194239471873162
iq,46,0.1729286,0.2871167,0.1900857,0.2068429,64.85,297.925714286,296.644285714,294,243.6,93.3114285714,7.4,27.6,10.8666666667,33.8,21.1,27.5,18.531708249905503
iq,47,0.3111167,0.346,0.3280429,0.2765143,75.37,298.181428571,296.66,294.5,59.9,92.7,8.5,27.375,11.175,34.2,20.7,92,14.181056635931254
iq,48,0.3528857,0.3375333,0.3185143,0.3172,61.58,298.792857143,296.471428571,294.2,40,88.8828571429,9.35714285714,28.45,11.675,35.1,22,11.9,7.3779137180125325
iq,49,0.2277143,0.2261714,0.2731857,0.2364286,72.47,298.235714286,296.592857143,294.3,50.2,91.9528571429,9.14285714286,28.3,9.7,34.2,21.8,6.4,11.763708965389357
iq,50,0.2814857,0.2953,0.215,0.3746857,50.22,297.561428571,296.428571429,292.7,89.5,94.2557142857,7.41428571429,27.2,11.1,33.3,21.7,23.1,24.131758490229814
iq,51,0.3317,0.3049,0.28745,0.2900143,104.91,297.221428571,296.375714286,293,172,95.78,7.31428571429,27.7,9.96666666667,33.8,22.5,47.2,8.55051553682171
iq,52,0.1926,0.2411,0.2246625,0.18485,83.53,298.224285714,296.87,294,120.4,93.2642857143,8.17142857143,28.5,11,34,22.2,57.2,7.252595697451927
iq,1,0.2208857,0.2357286,0.2602714,0.3218143,55.26,296.638571429,296.134285714,293.8,140.8,97.4357142857,5.8,28.5,11,32.8,22.6,35.3,9.775071919871479
iq,2,0.2321571,0.2176143,0.2224143,0.2433857,73.85,296.97,296.295714286,292.7,116.8,96.4428571429,7.44285714286,27.45,9.25,33.1,22.2,14.7,14.52571809378208
iq,3,0.1992571,0.2649571,0.2363,0.2097571,139.06,296.912857143,295.951428571,293.2,99.8,95.2585714286,6.57142857143,27.5333333333,10,33,20.8,132.3,11.990401523844186
iq,4,0.3079857,0.2530286,0.34325,0.3178857,69.24,297.39,295.485714286,292.1,46,90.5628571429,9.42857142857,27.0333333333,10.0333333333,32.8,21.4,51.1,12.898563376811342
iq,5,0.10995,0.1662714,0.2246429,0.2218857,56.99,297.435714286,296.438571429,292.3,65.7,95.0128571429,7.82857142857,27.15,9.55,32.6,22,23,13.569387066160205
iq,6,0.1666714,0.2257429,0.2215,0.2202714,25.76,297.17,296.624285714,294.9,245.1,97.1685714286,5.37142857143,26.85,8.975,32.4,22,39,15.21699879799272
iq,7,0.2187857,0.2505143,0.2702143,0.3822,135.04,296.898571429,295.927142857,293.1,75.9,94.9514285714,8.31428571429,27,8.7,33.4,21.7,94.5,12.057447471959284
iq,8,0.1739,0.1503429,0.1659429,0.1458,96.59,298.098571429,295.177142857,293.1,62.8,86.1657142857,10.0428571429,28.0666666667,11.2,34.9,21.7,43.2,8.963443789438706
iq,9,0.2898571,0.2981571,0.2441429,0.2734143,121.79,296.514285714,295.367142857,291.9,50.3,94.08,7.6,26.6,9.3,32.2,20.4,138.1,7.56917013947783
iq,10,0.2039286,0.2261286,0.2998429,0.1779857,144.65,297.038571429,296.195714286,293.7,118.2,95.7685714286,6.78571428571,26.75,9.75,32.6,21.7,87.9,4.978831524301576
iq,11,0.1607,0.2274,0.2210571,0.2001571,79.25,296.352857143,295.534285714,292.1,79.2,95.7842857143,7.01428571429,26.975,9.5,32.2,21.8,65,4.397273286318356
iq,12,0.2969286,0.2631714,0.2453,0.2680143,68.24,297.078571429,295.317142857,291.5,124.1,91.3385714286,9.5,27.2,10.675,34,20.8,49.2,4.735014790135033
iq,13,0.2567143,0.2064833,0.2472429,0.2021,149.88,298.25,296.47,293.5,59.9,91.5428571429,8.68571428571,27.8,9.85,33.8,20.8,39.9,5.071499235586092
iq,14,0.2305714,0.21118,0.1904143,0.2078286,102.08,296.242857143,295.847142857,291.9,139.1,97.8928571429,5.78571428571,27.85,9.75,33.4,21.7,68.1,4.7769964663666755
iq,15,0.1417571,0.1708857,0.1451571,0.2036429,84.86,297.63,296.705714286,293.3,109.5,95.3657142857,8.94285714286,28.6,10.3,34,23.1,34.6,4.558167614429518
iq,16,0.2780286,0.3235143,0.2937571,0.3791286,85.81,297.7,296.855714286,293.7,125.8,95.76,7.22857142857,27.55,9.75,33.1,22.7,212,5.501996581734115
iq,17,0.3716571,0.3788857,0.4530429,0.4126143,49.66,297.605714286,296.268571429,292.2,92.2,93.5957142857,8.04285714286,27.82,9.1,32.8,22.2,7.9,5.485884505806187
iq,18,0.2117857,0.1863286,0.1939571,0.2609,61.7,297.028571429,296.241428571,293.4,56.6,95.93,8.87142857143,27.5666666667,10.7666666667,33.4,21.8,67.9,3.954268580429538
iq,19,0.3063,0.2805571,0.2832857,0.3039857,50.85,296.074285714,294.828571429,289.8,39.92,93.5171428571,8.15714285714,26.85,9.75,33.2,19.4,9.1,2.2698862649792666
iq,20,0.3813333,0.3767833,0.3292333,0.4714667,80.29,297.374285714,296.215714286,291.2,57.8,94.1742857143,8.42857142857,27.1,9.1,32.2,22.2,48,0.33479930921228274
iq,21,0.1982857,0.2052571,0.2014286,0.1702143,39.78,296.19,294.81,291.5,42.7,93.1985714286,8.94285714286,27.4,9.85,33,21.8,21.1,1.2351057516705666
iq,22,0.2482143,0.2148714,0.2555857,0.2077857,26.31,297.257142857,294.668571429,291.3,16.5,87.76,11.1571428571,27.18,9.06,33.1,22.2,68.2,0.38229646125455474
iq,23,0.1959714,0.2414286,0.1822857,0.1427714,14.46,297.525714286,295.205714286,291.4,35.4,88.5385714286,9.92857142857,27.15,10.075,32.4,21.3,12.8,1.2797588569241327
iq,24,0.16515,0.1638667,0.2271333,0.1948667,55.98,296.212857143,294.328571429,288.3,39,90.6285714286,10.0571428571,24.84,9.18,34.2,17.8,66.6,0.3224986175330322
iq,25,0.3135571,0.3152857,0.3249714,0.3508857,33.63,297.05,295.172857143,291,25.5,90.75,12.3428571429,27.25,11.6,34.4,20.3,3.8,2.468431999585402
iq,26,0.2218857,0.1698857,0.2181286,0.1972,89.4,297.447142857,294.972857143,291.9,181,88.5514285714,11.2714285714,26.9833333333,11.6166666667,33.8,19.8,37,1.7675547740028463
iq,27,0.2701,0.2655714,0.2868286,0.1659571,19.02,295.748571429,294.511428571,290.8,36.2,93.6685714286,9.71428571429,25.85,10.525,31.8,20,17,4.709142127483837
iq,28,0.1930429,0.2625,0.1430571,0.2026857,87.2,296.934285714,294.104285714,290.6,64.1,86.6571428571,9.45714285714,26,11.1428571429,32,19.8,13.9,3.0394502073289758
iq,29,0.2303143,0.3333571,0.1943143,0.2443,51.46,297.5,294.89,292,147.8,87.7328571429,10.0571428571,26,9.425,31.4,19.5,22.1,4.956513998351706
iq,30,0.3980571,0.4044857,0.3445,0.4733,35.72,295.854285714,291.954285714,286.2,15.5,81.1028571429,10.3714285714,25.1,11.7666666667,31.5,17.3,9.1,3.259957235639291
iq,31,0.2616857,0.2797286,0.1777143,0.2920857,37.23,296.332857143,293.75,291.1,16.3,87.39,10.0857142857,26.5,12.2,33.8,20.3,1,6.012694549598663
iq,32,0.2895,0.3001714,0.2397429,0.3087714,16.38,297.657142857,292.92,289.3,8.9,77.6428571429,13.1142857143,27,13.4,34.2,18.3,1,3.085651777033682
iq,33,0.1875667,0.1556714,0.1806,0.2584,12.93,297.988571429,292.655714286,288.4,29.5,76.5642857143,13.0142857143,27.5,13.2,34.6,18.4,0,3.241035286168593
iq,34,0.3844667,0.4623714,0.4074143,0.5290429,37.47,297.218571429,295.03,290.9,102.9,89.8471428571,10.2857142857,26.275,11.4,34.2,19.4,41.9,3.2352241150482897
iq,35,0.1917,0.1316286,0.1595714,0.1665,34.14,298.911428571,293.958571429,292.1,39.7,76.9514285714,13.0428571429,27.64,11.62,35.3,20.5,17,6.278425888448464
iq,36,0.4114,0.3285286,0.2673286,0.3661143,6.4,297.892857143,293.768571429,291.9,12.9,80.2285714286,11.0142857143,27.64,11.62,35.3,20.1,6.1,8.133090783553506
iq,37,0.389,0.4125667,0.2652571,0.3849286,50,298.175714286,294.324285714,292.2,25.8,82.6628571429,12.9,28.65,12.95,35.2,21,15,6.618751692788123
iq,38,0.3790429,0.4648,0.426,0.4304143,12.4,299.425714286,293.414285714,293.2,8.5,72.5357142857,14.0142857143,28.05,11.925,35.4,20.5,21.3,1.9641258329179259
iq,39,0.3430571,0.40106,0.2842714,0.3159714,48.42,299.097142857,294.75,293.5,58.7,79.9128571429,12.5428571429,28,12.5,35.6,20.6,28.9,11.787662161367807
iq,40,0.2247143,0.2918667,0.1414286,0.2094571,55.11,298.047142857,294.288571429,289.7,27.7,82.6157142857,11.7,27.15,11.15,36.2,19.8,35.3,11.573875080543772
iq,41,0.2075429,0.2421286,0.2069429,0.1810857,59.72,298.994285714,296.072857143,294.6,73.8,86.6171428571,10.6285714286,28.55,11.9,35.2,22.5,51.5,12.672613115816002
iq,42,0.1821571,0.2493333,0.2398857,0.2293286,51.03,298.435714286,295.825714286,293.5,35.3,87.4685714286,10.7857142857,28,11.0666666667,36,20.6,14,14.776509717327373
iq,43,0.2633714,0.2797143,0.2138429,0.3182429,65.1,298.312857143,296.812857143,293.6,58.5,93.0357142857,9.34285714286,27.3,9.8,35.2,22,37.6,22.093488618203406
iq,44,0.3497,0.3603571,0.3145714,0.2966714,44.15,299.425714286,296.327142857,293.6,51,85.7314285714,11.7571428571,28.8,13.3,35.4,21.7,34.1,8.42442792816246
iq,45,0.2395429,0.4598667,0.2842286,0.2958143,44.25,299.188571429,296.151428571,293.7,32.9,85.1385714286,11.0428571429,28.8333333333,11.9,35.2,22,10.9,8.362235744216989
iq,46,0.2633286,0.3331167,0.2090286,0.2533857,44.21,298.954285714,297.048571429,294.5,52.31,91.3828571429,10.7142857143,27.5,9.55,36.1,22.5,7.1,17.147944750230455
iq,47,0.3198143,0.2968571,0.2724714,0.3493286,47.31,297.89,297.517142857,294.3,107.7,97.9828571429,6.12857142857,26.65,7.65,32.2,22.1,64,18.2799167806027
iq,48,0.3762857,0.3881429,0.4332286,0.3629143,42.66,298.371428571,297.725714286,295,85.7,96.5728571429,7.47142857143,28.05,10.025,33.8,22.2,50,7.154493916699032
iq,49,0.3676167,0.35498,0.3258167,0.2811333,35.15,299.16,296.494285714,294.7,38,87.3571428571,10.1714285714,28.6,11.2,35.4,22.2,30,8.812635809181565
iq,50,0.13065,0.2654571,0.2230429,0.1365167,102.24,298.665714286,297.082857143,294.4,76.7,92.0228571429,9.28571428571,27.88,10.5,34.6,21,3,24.4030317985691
iq,51,0.2569833,0.2234714,0.2338833,0.2531,50.42,298.612857143,297.228571429,294.1,70.8,92.92,8.6,28.2333333333,10.0666666667,34.3,22,21.3,8.4712666539137
iq,1,0.2558286,0.2686571,0.2684143,0.2444714,35.33,298.007142857,296.598571429,294.1,66.7,92.8628571429,6.62857142857,28.475,10.45,34.9,22.8,23.8,11.21058424013389
iq,2,0.1882286,0.1391429,0.2527286,0.1705857,33.14,296.241428571,295.275714286,292.9,53.1,95.2328571429,6.57142857143,26.45,7.9,31.2,21.2,86.8,12.937953437465882
iq,3,0.2522,0.1847429,0.2417,0.2330143,44.02,296.971428571,295.312857143,292.8,44.6,91.8028571429,7.52857142857,26.7,7.46666666667,31.8,22.6,82,13.52678121617116
iq,4,0.1837286,0.1270571,0.1659857,0.1637286,97.26,297.698571429,296.708571429,293.6,71.9,94.8728571429,8.21428571429,27.9666666667,10.0333333333,33.6,22.5,36.8,18.02820916854805
iq,5,0.3688571,0.3753286,0.3368714,0.4180143,43.53,297.625714286,296.045714286,292.7,88.6,92.5128571429,7.6,26.7,6.45,33.3,23.2,51.3,14.796444447056155
iq,6,0.2749571,0.2709143,0.2930429,0.2944,97.8,298.005714286,296.985714286,293.9,104.2,94.7528571429,9.52857142857,28.35,9.05,33.4,22.4,15,12.181511762350612
iq,7,0.2670286,0.1907286,0.2791857,0.2821857,129.23,297.817142857,296.377142857,293.5,188.1,92.9057142857,7.78571428571,27.8,8.6,33.8,22.4,19.6,15.648040023601634
iq,8,0.2979667,0.32775,0.2443571,0.3086714,66.47,297.747142857,296.782857143,294.1,152.4,95.3114285714,6.91428571429,27.12,9.24,33,21.7,33.3,10.358661716106761
iq,9,0.3455167,0.34686669999999997,0.3371167,0.38255,39.19,297,296.245714286,292.7,62.4,96.0228571429,7.7,27.6,9.56666666667,34.2,21.8,111.3,6.001509850837007
iq,10,0.2953429,0.3098571,0.2546857,0.2637286,111.09,296.958571429,296.47,294.2,69.2,97.4785714286,6.18571428571,27.7333333333,9.53333333333,34.2,22.6,149.9,6.279180004855604
iq,11,0.2236714,0.11945,0.2248,0.2283714,27.21,297.935714286,297.038571429,294.4,97,95.54,8.32857142857,28.3666666667,10.5333333333,34.3,22.2,35.1,4.694085474478072
iq,12,0.2318,0.1955833,0.2047857,0.2501857,76.86,298.188571429,297.562857143,294.6,111.3,96.7485714286,7.12857142857,27.9,9.16666666667,34.9,22.8,0,9.669690995068313
iq,13,0.2634286,0.2106143,0.2694143,0.2458714,104.47,298.327142857,297.141428571,294.1,81.72,94.2185714286,8.94285714286,28.15,11.15,34.2,22,70.6,4.662321718268434
iq,14,0.2235429,0.2085429,0.2399714,0.2185571,122.6,297.621428571,296.518571429,294.3,131.3,94.63,8,28.7,10.8333333333,34.8,21.8,36.8,3.6714443268097234
iq,15,0.2632,0.2374,0.2501429,0.1991143,88.07,297.754285714,296.3,293.7,52.2,93.0914285714,9.4,27.6333333333,9.53333333333,33.6,22,54.1,2.709476964226493
iq,16,0.3090286,0.2702667,0.2355,0.2596857,44.3,298.647142857,296.885714286,294,121,91.8628571429,8.35714285714,28.3333333333,10,34.2,22.4,53.6,6.891804161046309
iq,17,0.1933143,0.2470571,0.2756429,0.3727286,71.07,297.202857143,296.561428571,293,58.2,96.58,7.2,26.95,9.35,33.6,21.2,74.9,4.634669633089562
iq,18,0.3851429,0.3697,0.3759333,0.3542143,2.28,297.981428571,293.228571429,289.4,2.6,77.7571428571,14.2857142857,27.25,13.125,35,18.2,8.9,-1.6841749393702727
iq,19,0.3963429,0.2924714,0.3334,0.3522714,62.52,298.31,296.792857143,293.3,52.6,92.25,9.67142857143,28.45,9.85,34.6,22.4,7.1,1.4941779389342749
iq,20,0.3525571,0.28105,0.3070714,0.2774,46.27,297.367142857,296.435714286,293.3,105.7,95.3385714286,6.4,28.2333333333,9.4,34.1,21.4,38.6,3.136075932532993
iq,21,0.2368286,0.2938571,0.2234429,0.2994286,87.29,296.88,295.85,292.5,124.2,94.74,6.7,26.6333333333,8.9,32.8,21.8,97.3,2.0854736046222726
iq,22,0.3014714,0.3800286,0.2806286,0.3831857,41.12,297.774285714,295.638571429,292.7,67.6,89.99,10.1,27.4,9.05,32.6,21.8,33,2.157079399202086
iq,23,0.2476,0.2963429,0.2853714,0.3503571,71.52,297.167142857,295.845714286,291.6,45.7,93.8914285714,9.65714285714,27.52,10.72,33.8,21.4,68,-1.2625368324784176
iq,24,0.2387286,0.2510286,0.2525857,0.2497714,78.96,295.831428571,294.894285714,290.7,45.22,94.9671428571,7.38571428571,27.2,10.075,32.6,21.6,93.2,2.3105298053789376
iq,25,0.3104286,0.3027,0.4066143,0.4039429,39.54,295.778571429,293.648571429,292.5,4.7,89.0571428571,8.22857142857,26.7,8.48,32.2,21.8,34.1,5.2949774457893675
iq,26,0.3394667,0.2400714,0.3569429,0.2736,51.8,297.372857143,294.615714286,289.6,27.8,87.03,11.5428571429,27.35,9.675,32.6,22,14.9,-0.5486541487574605
